[{"name": "pickup_community_area", "type": "NUMBER"}, {"name": "fare", "type": "NUMBER"}, {"name": "trip_start_month", "type": "NUMBER"}, {"name": "trip_start_hour", "type": "NUMBER"}, {"name": "trip_start_day", "type": "NUMBER"}, {"name": "trip_start_timestamp", "type": "NUMBER"}, {"name": "pickup_latitude", "type": "NUMBER"}, {"name": "pickup_longitude", "type": "NUMBER"}, {"name": "dropoff_latitude", "type": "NUMBER"}, {"name": "dropoff_longitude", "type": "NUMBER"}, {"name": "trip_miles", "type": "NUMBER"}, {"name": "pickup_census_tract", "type": "TEXT"}, {"name": "dropoff_census_tract", "type": "NUMBER"}, {"name": "payment_type", "type": "CATEGORY"}, {"name": "company", "type": "CATEGORY"}, {"name": "trip_seconds", "type": "NUMBER"}, {"name": "dropoff_community_area", "type": "NUMBER"}, {"name": "tips", "type": "NUMBER"}]